Country;Country_Code;Region;Region_Code;Latitude;Longitude
Angola;AO;Bengo;AO;-8.3196672;13.8656195
Angola;AO;Benguela;AO;-12.5790048;13.4037117
Angola;AO;Bi√É;AO;-12.2630485;17.4967812
Angola;AO;Cabinda;AO;-5.056395;12.3211749
Angola;AO;Cuando Cubango;AO;-16.0457694;19.5621532
Angola;AO;Cunene;AO;-16.5568536;15.7867319
Angola;AO;Cuanza-Norte;AO;-9.0296752;15.0926324
Angola;AO;Cuanza-Sul;AO;-10.7707527;15.0975712
Angola;AO;Huambo;AO;-12.7772455;15.7346713
Angola;AO;Hu√É¬≠;AO;-14.6957808;15.0976293
Angola;AO;Lunda-Norte;AO;-8.5088253;19.7538618
Angola;AO;Lunda-Sul;AO;-10.1473779;20.9907756
Angola;AO;Luanda;AO;-8.8272699;13.2439512
Angola;AO;Malange;AO;-8.0938885;19.009655
Angola;AO;Moxico;AO;-12.7287195;21.2737637
Angola;AO;Namibe;AO;-15.2669341;12.7064561
Angola;AO;U√É¬≠;AO;-6.9516802;15.4799164
Angola;AO;Zaire;AO;-6.6925131;13.5293029
Burkina Faso;BF;Boucle du Mouhoun;BF;12.4777805;-3.58795713101245
Burkina Faso;BF;Cascades;BF;10.30718125;-4.4351893203504
Burkina Faso;BF;Centre;BF;12.36732;-1.5430869129979
Burkina Faso;BF;Centre-Est;BF;11.734933000000002;-0.292105567747259
Burkina Faso;BF;Centre-Nord;BF;13.238710000000001;-1.03498315140845
Burkina Faso;BF;Centre-Ouest;BF;11.9067933;-2.30448006591647
Burkina Faso;BF;Centre-Sud;BF;11.5833646;-1.05563005807453
Burkina Faso;BF;Est;BF;12.255555;1.00957636188831
Burkina Faso;BF;Hauts-Bassins;BF;11.389027500000001;-4.04136498647626
Burkina Faso;BF;Nord;BF;13.45911;-2.24963674030165
Burkina Faso;BF;Plateau-Central;BF;12.40414;-0.886416022461693
Burkina Faso;BF;Sahel;BF;14.0279165;-0.771777566626339
Burkina Faso;BF;Sud-Ouest;BF;10.38692085;-3.283188627811
Burkina Faso;BF;Bal√É;BF;11.658145000000001;-3.05410222166222
Burkina Faso;BF;Bam;BF;13.468115000000001;-1.59866367803298
Burkina Faso;BF;Banwa;BF;12.226556800000001;-4.19133441014356
Burkina Faso;BF;Baz√É¬®;BF;11.8922276;-1.45937619279436
Burkina Faso;BF;Bougouriba;BF;10.882093300000001;-3.43066309062413
Burkina Faso;BF;Boulgou;BF;11.464625;-0.408910069750879
Burkina Faso;BF;Boulkiemd√É;BF;12.293712;-2.10413118685862
Burkina Faso;BF;Como√É;BF;10.24198965;-4.42688747521552
Burkina Faso;BF;Ganzourgou;BF;12.289915449999999;-0.808342873458915
Burkina Faso;BF;Gnagna;BF;12.91545745;-0.0659561604221859
Burkina Faso;BF;Gourma;BF;12.22782665;0.547207792738444
Burkina Faso;BF;Houet;BF;11.3851056;-4.32736425219903
Burkina Faso;BF;Ioba;BF;11.0343187;-2.96277610016308
Burkina Faso;BF;Kadiogo;BF;12.36732;-1.5430869129979
Burkina Faso;BF;K√É¬©n√É¬©do;BF;11.403998;-4.98510277977496
Burkina Faso;BF;Komondjari;BF;12.726911300000001;0.704708270862868
Burkina Faso;BF;Kompienga;BF;11.44875915;0.977037818676278
Burkina Faso;BF;Koulp√É¬©lo;BF;11.41531375;0.149899047187005
Burkina Faso;BF;Kossi;BF;12.959334649999999;-3.84367967289622
Burkina Faso;BF;Kouritenga;BF;12.185035;-0.244847963518241
Burkina Faso;BF;Kourw√É¬©o;BF;12.6004222;-1.75985608682048
Burkina Faso;BF;L√É¬©ra;BF;10.6520035;-5.21168583176092
Burkina Faso;BF;Loroum;BF;13.9463767;-2.1055399913791
Burkina Faso;BF;Mouhoun;BF;12.2367475;-3.33875620163981
Burkina Faso;BF;Namentenga;BF;13.23672;-0.481934250573729
Burkina Faso;BF;Nahouri;BF;11.254511350000001;-1.2699820798913
Burkina Faso;BF;Nayala;BF;12.66018665;-2.98911531719579
Burkina Faso;BF;Noumbiel;BF;9.796745300000001;-2.92655432862522
Burkina Faso;BF;Oubritenga;BF;12.597010000000001;-1.25223104918613
Burkina Faso;BF;Oudalan;BF;14.6253063;-0.333347131887394
Burkina Faso;BF;Passor√É;BF;12.8777;-2.29449053584627
Burkina Faso;BF;Poni;BF;10.3085943;-3.30168111919301
Burkina Faso;BF;S√É¬©;BF;13.99508;-0.0992075822621746
Burkina Faso;BF;Sissili;BF;11.4484064;-2.391208516781
Burkina Faso;BF;Sanmatenga;BF;13.24054485;-0.974702257138456
Burkina Faso;BF;Sangui√É;BF;12.21015615;-2.64210590076787
Burkina Faso;BF;Soum;BF;14.2861443;-1.3452326316642
Burkina Faso;BF;Sourou;BF;13.2311675;-2.96218104391892
Burkina Faso;BF;Tapoa;BF;12.1450627;1.76030252164785
Burkina Faso;BF;Tuy;BF;11.44956045;-3.37876532619021
Burkina Faso;BF;Yagha;BF;13.426944500000001;0.616149714696222
Burkina Faso;BF;Yatenga;BF;13.59429385;-2.5249512561802
Burkina Faso;BF;Ziro;BF;11.675305;-1.91466259814608
Burkina Faso;BF;Zondoma;BF;13.19753955;-2.30852755103427
Burkina Faso;BF;Zoundw√É¬©o;BF;11.5525895;-1.030893796875
Burundi;BI;Bubanza;BI;-3.1154629;29.4013435517821
Burundi;BI;Bujumbura Rural;BI;-3.4759817;29.4535702
Burundi;BI;Bujumbura Mairie;BI;-3.3493959;29.3631843
Burundi;BI;Bururi;BI;-3.8581592;29.584379
Burundi;BI;Cankuzo;BI;-3.1450876;30.5898699852872
Burundi;BI;Cibitoke;BI;-2.8477341000000003;29.2616619938218
Burundi;BI;Gitega;BI;-3.4284953;29.9249718
Burundi;BI;Kirundo;BI;-2.5606278;30.1651351
Burundi;BI;Karuzi;BI;-3.1255377;30.0978347
Burundi;BI;Kayanza;BI;-3.0214816;29.6458034
Burundi;BI;Makamba;BI;-4.1978315;29.8073996
Burundi;BI;Muramvya;BI;-3.2751181;29.6307855
Burundi;BI;Mwaro;BI;-3.4650043;29.6708508
Burundi;BI;Muyinga;BI;-2.73359845;30.3171440880671
Burundi;BI;Ngozi;BI;-2.8776895;29.8994986
Burundi;BI;Rumonge;BI;-3.87550755;29.4706207141304
Burundi;BI;Rutana;BI;-3.8618714;30.0676979
Burundi;BI;Ruyigi;BI;-3.4573515500000003;30.3488302971123
Benin;BJ;Atacora;BJ;10.7160515;1.5331527
Benin;BJ;Alibori;BJ;11.4649482;2.7938798
Benin;BJ;Atlantique;BJ;6.540829;2.223095
Benin;BJ;Borgou;BJ;9.7097453;2.7422648
Benin;BJ;Collines;BJ;8.1085479;2.1853101
Benin;BJ;Donga;BJ;9.2679806;1.7170684
Benin;BJ;Couffo;BJ;7.1312662;1.7567394
Benin;BJ;Littoral;BJ;6.3663195;2.4170608
Benin;BJ;Mono;BJ;6.457624;1.867408
Benin;BJ;Ou√É¬©m;BJ;6.6013531;2.550566
Benin;BJ;Plateau;BJ;7.1002602;2.6409144
Benin;BJ;Zou;BJ;7.2834335;2.1227604
Botswana;BW;Central;BW;-21.4790187;26.2154174
Botswana;BW;Chobe;BW;-18.391508450000003;24.7067517615027
Botswana;BW;Francistown;BW;-21.16636;27.502515
Botswana;BW;Gaborone;BW;-24.6581357;25.9088474
Botswana;BW;Ghanzi;BW;-22.145794;22.7610828
Botswana;BW;Jwaneng;BW;-24.59055685;24.7618931461405
Botswana;BW;Kgalagadi;BW;-24.8490576;21.7883349
Botswana;BW;Kgatleng;BW;-24.134085;26.4177245829593
Botswana;BW;Kweneng;BW;-23.9028101;24.9214122
Botswana;BW;Lobatse;BW;-25.2100604;25.6819594
Botswana;BW;North East;BW;-21.0244816;27.5147504
Botswana;BW;North West;BW;-19.3893529;23.267951
Botswana;BW;South East;BW;-24.62994925;26.0454757798826
Botswana;BW;Southern;BW;-24.7998688;24.5800692
Botswana;BW;Selibe Phikwe;BW;-21.9785377;27.8373825
Botswana;BW;Sowa Town;BW;-20.563596;26.221489
Central African Republic;CF;Ouham;CF;7.1314008;17.7041361
Central African Republic;CF;Bamingui-Bangoran;CF;8.698547;20.5281149
Central African Republic;CF;Bangui;CF;4.3635118;18.5835913
Central African Republic;CF;Basse-Kotto;CF;5.1283201;21.3883825
Central African Republic;CF;Haute-Kotto;CF;7.3625645;22.9271411
Central African Republic;CF;Haut-Mbomou;CF;6.3497929;25.6508738
Central African Republic;CF;Gribingui;CF;7.0041462;19.1900582
Central African Republic;CF;Lobaye;CF;4.1034548;17.5653592
Central African Republic;CF;Mbomou;CF;5.5230899;23.4445705
Central African Republic;CF;Ombella-Mpoko;CF;5.0726761;18.1717789
Central African Republic;CF;Nana-Mamb√É¬©r;CF;5.2231625;15.3517922
Central African Republic;CF;Ouham-Pend√É;CF;6.7057282;16.1443202
Central African Republic;CF;Sangha;CF;3.6754895;16.3246915
Central African Republic;CF;Ouaka;CF;6.3110548;20.5447525
Central African Republic;CF;Vakaga;CF;9.8250502;22.376363
Congo;CG;Bouenza;CG;-4.2868653;13.3972129
Congo;CG;Pool;CG;-3.7298545;15.053872
Congo;CG;Sangha;CG;0.9371865;16.5503883
Congo;CG;Plateaux;CG;-2.1709644;15.2286129
Congo;CG;Cuvette-Ouest;CG;0.280252;14.5292599
Congo;CG;Pointe-Noire;CG;-4.7975373;11.8503297
Congo;CG;L√É¬©koum;CG;-3.2315605;13.5211721
Congo;CG;Kouilou;CG;-4.1960964;11.9104388
Congo;CG;Likouala;CG;1.6788828;17.4747723
Congo;CG;Cuvette;CG;-0.4936855;16.1602013
Congo;CG;Niari;CG;-2.9077055;12.3298313
Congo;CG;Brazzaville;CG;-4.2694407;15.2712256
C√É¬¥te d'Ivoi;CI;Abidjan;CI;5.320357;-4.016107
C√É¬¥te d'Ivoi;CI;Bas-Sassandra;CI;5.3523063;-6.6766897
C√É¬¥te d'Ivoi;CI;Como√É;CI;6.0762474;-3.3082115
C√É¬¥te d'Ivoi;CI;Dengu√É¬©l;CI;9.6380415;-7.3900097
C√É¬¥te d'Ivoi;CI;G√É¬¥h-Djibo;CI;5.9536464;-5.6069906
C√É¬¥te d'Ivoi;CI;Lacs;CI;7.0523847;-4.4419131
C√É¬¥te d'Ivoi;CI;Lagunes;CI;5.8451583;-4.2931136
C√É¬¥te d'Ivoi;CI;Montagnes;CI;6.9418251;-7.6541621
C√É¬¥te d'Ivoi;CI;Sassandra-Marahou√É;CI;7.0551607;-6.336856
C√É¬¥te d'Ivoi;CI;Savanes;CI;9.5652587;-5.5594265
C√É¬¥te d'Ivoi;CI;Vall√É¬©e du Banda;CI;8.270286;-4.9452089
C√É¬¥te d'Ivoi;CI;Woroba;CI;8.3713178;-6.7463262
C√É¬¥te d'Ivoi;CI;Yamoussoukro;CI;6.8200066;-5.2776034
C√É¬¥te d'Ivoi;CI;Zanzan;CI;8.6702847;-3.3447445
Cameroon;CM;Adamaoua;CM;6.8496708;13.2163222
Cameroon;CM;Centre;CM;4.686267;11.9414512
Cameroon;CM;Far North;CM;10.6377186;14.2738156
Cameroon;CM;East;CM;3.9894393;14.178373
Cameroon;CM;Littoral;CM;4.203033;10.0563057
Cameroon;CM;North;CM;8.7712794;13.7803627
Cameroon;CM;North-West;CM;5.9518715;10.4335784
Cameroon;CM;West;CM;5.53563825;10.5828825860163
Cameroon;CM;South;CM;2.7312374;11.6254622
Cameroon;CM;South-West;CM;4.2180273;9.1733628
Cabo Verde;CV;Ilhas de Barlavento;CV;17.05552855;-25.1723049113636
Cabo Verde;CV;Brava;CV;14.85194265;-24.7086939090331
Cabo Verde;CV;Boa Vista;CV;16.099508999999998;-22.8009410963036
Cabo Verde;CV;Santa Catarina;CV;15.08907545;-23.7134304393696
Cabo Verde;CV;Santa Catarina do Fogo;CV;14.902254450000001;-24.3212579403352
Cabo Verde;CV;Santa Cruz;CV;15.112842700000002;-23.5518161834029
Cabo Verde;CV;Maio;CV;15.22721825;-23.1563013971624
Cabo Verde;CV;Mosteiros;CV;15.00013895;-24.3374081566827
Cabo Verde;CV;Paul;CV;17.1150295;-25.0201588552085
Cabo Verde;CV;Porto Novo;CV;17.0174637;-25.2004042229527
Cabo Verde;CV;Praia;CV;14.9162811;-23.5095095
Cabo Verde;CV;Ribeira Brava;CV;16.5805775;-24.0887327828993
Cabo Verde;CV;Ribeira Grande;CV;17.139119700000002;-25.1368740677923
Cabo Verde;CV;Ribeira Grande de Santiago;CV;14.9158522;-23.6048421
Cabo Verde;CV;Ilhas de Sotavento;CV;15.1200758;-23.6348181340261
Cabo Verde;CV;S√É¬£o Doming;CV;15.03053405;-23.5308823692939
Cabo Verde;CV;S√É¬£o Fili;CV;14.92142505;-24.4420244992861
Cabo Verde;CV;Sal;CV;16.720455649999998;-22.9386761270263
Cabo Verde;CV;S√É¬£o Migu;CV;15.18996615;-23.642048642698
Cabo Verde;CV;S√É¬£o Louren√É¬ßo dos √É‚Ä;CV;15.07094415;-23.5865130547818
Cabo Verde;CV;S√É¬£o Salvador do Mun;CV;15.09165065;-23.6317320300174
Cabo Verde;CV;S√É¬£o Vicen;CV;16.84944115;-24.9718791777473
Cabo Verde;CV;Tarrafal;CV;15.26645025;-23.72273385069
Cabo Verde;CV;Tarrafal de S√É¬£o Nicol;CV;16.575416099999998;-24.334199248358
Djibouti;DJ;Arta;DJ;11.434137549999999;42.6203731347277
Djibouti;DJ;Ali Sabieh;DJ;11.1630687;42.8372777998374
Djibouti;DJ;Dikhil;DJ;11.428370000000001;42.0639773939744
Djibouti;DJ;Djibouti;DJ;11.8145966;42.8453061
Djibouti;DJ;Obock;DJ;11.9640149;43.292228
Djibouti;DJ;Tadjourah;DJ;12.035812100000001;42.5174504515592
Algeria;DZ;Adrar;DZ;26.4888155;-1.35824421693654
Algeria;DZ;Chlef;DZ;36.203419999999994;1.26806960054163
Algeria;DZ;Laghouat;DZ;33.750440499999996;2.64310936105952
Algeria;DZ;Oum el Bouaghi;DZ;35.8105805;7.01841779657751
Algeria;DZ;Batna;DZ;35.3384291;5.73154529900057
Algeria;DZ;B√É¬©ja√;DZ;36.7511783;5.0643687
Algeria;DZ;Biskra;DZ;34.8508816;5.729074
Algeria;DZ;B√É¬©ch;DZ;31.385726;-2.0115958479874
Algeria;DZ;Blida;DZ;36.4705658;2.8274937
Algeria;DZ;Bouira;DZ;36.2316481;3.90825791910112
Algeria;DZ;Tamanrasset;DZ;24.3753438;4.3208436
Algeria;DZ;T√É¬©bes;DZ;35.124945;7.90117350422937
Algeria;DZ;Tlemcen;DZ;34.881789;-1.316699
Algeria;DZ;Tiaret;DZ;34.8947575;1.59457917313621
Algeria;DZ;Tizi Ouzou;DZ;36.6816175;4.23718604704001
Algeria;DZ;Alger;DZ;36.7729333;3.0588445
Algeria;DZ;Djelfa;DZ;34.342841;3.21725307909033
Algeria;DZ;Jijel;DZ;36.72921875;5.96077760625364
Algeria;DZ;S√É¬©t;DZ;36.1893494;5.4046876
Algeria;DZ;Sa√É¬Ø;DZ;34.743349;0.244076362780846
Algeria;DZ;Skikda;DZ;36.8801317;6.9077363
Algeria;DZ;Sidi Bel Abb√É¬;DZ;34.682268;-0.435755506512392
Algeria;DZ;Annaba;DZ;36.8982165;7.7549272
Algeria;DZ;Guelma;DZ;36.3491635;7.40949895276046
Algeria;DZ;Constantine;DZ;36.3641642;6.6084281
Algeria;DZ;M√É¬©d√;DZ;35.975204500000004;3.01235040560822
Algeria;DZ;Mostaganem;DZ;35.928808;0.089978
Algeria;DZ;M'sila;DZ;35.1300205;4.20031067135843
Algeria;DZ;Mascara;DZ;35.397838500000006;0.243019499272195
Algeria;DZ;Ouargla;DZ;30.9980145;6.76645363944306
Algeria;DZ;Oran;DZ;35.7044415;-0.6502981
Algeria;DZ;El Bayadh;DZ;32.570302999999996;1.12595814428181
Algeria;DZ;Illizi;DZ;27.852850500000002;7.81896360473969
Algeria;DZ;Bordj Bou Arr√É¬©ri;DZ;36.09620285;4.66027423453961
Algeria;DZ;Boumerd√É¬;DZ;36.7358032;3.61630457005852
Algeria;DZ;El Tarf;DZ;36.67135625;8.07013400205363
Algeria;DZ;Tindouf;DZ;27.54390695;-6.24004105865595
Algeria;DZ;Tissemsilt;DZ;35.785897500000004;1.83409567524272
Algeria;DZ;El Oued;DZ;33.215441;7.15532139909832
Algeria;DZ;Khenchela;DZ;34.913345500000005;6.90594309388086
Algeria;DZ;Souk Ahras;DZ;36.1378681;7.82624264005376
Algeria;DZ;Tipaza;DZ;36.527157;2.16720118027121
Algeria;DZ;Mila;DZ;36.2502135;6.16521633338517
Algeria;DZ;A√É¬Øn Def;DZ;36.15868425;2.08428173035837
Algeria;DZ;Naama;DZ;33.2336851;-0.815195839077595
Algeria;DZ;A√É¬Øn T√É¬©mouc;DZ;35.36512965;-0.945217066433566
Algeria;DZ;Gharda√É¬;DZ;32.440827;3.56182085216288
Algeria;DZ;Relizane;DZ;35.836318500000004;0.911853736654066
Algeria;DZ;Timimoun;DZ;29.2605117;0.2285923
Algeria;DZ;Bordj Badji Mokhtar;DZ;22.626146050000003;0.127581685078615
Algeria;DZ;Ouled Djellal;DZ;34.104904000000005;4.8203009024754
Algeria;DZ;B√É¬©ni Abb√;DZ;29.083202;-2.65900601043017
Algeria;DZ;In Salah;DZ;27.1950331;2.4826132
Algeria;DZ;In Guezzam;DZ;20.427529999999997;4.67663098380483
Algeria;DZ;Touggourt;DZ;33.1048574;6.0667276
Algeria;DZ;Djanet;DZ;24.071521;9.61558472536686
Algeria;DZ;El Meniaa;DZ;30.7071885;3.04806248004973
Egypt;EG;Al Iskandar√Ñ¬´y;EG;30.943298300000002;29.7656450400713
Egypt;EG;Asw√Ñ¬;EG;24.091071;32.897306
Egypt;EG;Asy√Ö¬´;EG;27.1832822;31.1853836
Egypt;EG;Al Ba√°¬∏¬©r al A√°¬;EG;25.5867279;34.1694641025951
Egypt;EG;Al Bu√°¬∏¬©ay;EG;30.7915206;30.3465488479697
Egypt;EG;Ban√Ñ¬´ Suwa;EG;29.0729812;31.0982562
Egypt;EG;Al Q√Ñ¬Åhir;EG;30.0443879;31.2357257
Egypt;EG;Ad Daqahl√Ñ¬´y;EG;31.13800465;31.8882498684563
Egypt;EG;Dumy√Ñ¬Å;EG;31.4167427;31.8213657
Egypt;EG;Al Fayy√Ö¬;EG;29.3074076;30.8399651
Egypt;EG;Al Gharb√Ñ¬´y;EG;30.8393003;30.9963429
Egypt;EG;Al J√Ñ¬´z;EG;29.9870753;31.2118063
Egypt;EG;Al Ism√Ñ¬Å'√Ñ¬´l√;EG;30.6043775;32.2770825
Egypt;EG;Jan√Ö¬´b S√Ñ¬´;EG;28.64495635;33.8711312956512
Egypt;EG;Al Qaly√Ö¬´b√Ñ¬;EG;30.33362925;31.2213568641637
Egypt;EG;Kafr ash Shaykh;EG;31.381476499999998;30.8513566099307
Egypt;EG;Qin√Ñ;EG;26.1615051;32.7182974
Egypt;EG;Al Uq√Ö≈∏;EG;25.702096;32.647186
Egypt;EG;Al Miny√Ñ;EG;28.0893325;30.7570623
Egypt;EG;Al Min√Ö¬´f√Ñ¬;EG;30.4370098;30.7466851638558
Egypt;EG;Ma√Ö¬£r√Ö¬;EG;31.3528567;27.2395262
Egypt;EG;B√Ö¬´r Sa√¢‚Ç;EG;31.1821275;32.3725819650014
Egypt;EG;S√Ö¬´h√;EG;26.547748;31.699263
Egypt;EG;Ash Sharq√Ñ¬´y;EG;30.63327745;31.7893739179913
Egypt;EG;Sham√Ñ¬Ål S√Ñ¬´;EG;30.50428025;33.5910060239521
Egypt;EG;As Suways;EG;29.4165427;32.1490967
Egypt;EG;Al W√Ñ¬Åd√Ñ¬´ al Ja;EG;24.8766665;28.7757345317604
Eritrea;ER;Ansab√Ñ;ER;16.5000101;37.5000048
Eritrea;ER;Gash-Barka;ER;15.25;37.5
Ethiopia;ET;Addis Ababa;ET;9.0358287;38.7524127
Ethiopia;ET;Afar;ET;11.7108206;41.0330866
Ethiopia;ET;Amara;ET;11.5;38.5
Ethiopia;ET;Benshangul-Gumaz;ET;10.3778251;35.5084442
Ethiopia;ET;Dire Dawa;ET;9.591323;41.8566341
Ethiopia;ET;Harari People;ET;9.2905517;42.1885672
Ethiopia;ET;Oromia;ET;7.6721644;40.0299727
Ethiopia;ET;Sidama;ET;6.6507504;38.4796794479203
Ethiopia;ET;Somali;ET;7.2629844;43.5360531
Gabon;GA;Estuaire;GA;0.4302639;9.4655189
Gabon;GA;Haut-Ogoou√É;GA;-1.231544;13.8309713293192
Gabon;GA;Moyen-Ogoou√É;GA;-0.5003495;10.4991063
Gabon;GA;Ngouni√É;GA;-1.5910727;10.978503
Gabon;GA;Nyanga;GA;-3.0080415;10.9964746
Gabon;GA;Ogoou√É¬©-Ivin;GA;0.60082;12.6887911
Gabon;GA;Ogoou√É¬©-Lo;GA;-1.0002904;12.4952424
Gabon;GA;Ogoou√É¬©-Mariti;GA;-1.4958157;9.5060896
Gabon;GA;Woleu-Ntem;GA;1.2950125;11.8218827
Ghana;GH;Greater Accra;GH;5.8101532;0.0995242
Ghana;GH;Ahafo;GH;6.90966445;-2.23301229669743
Ghana;GH;Ashanti;GH;6.8003319;-1.5188142
Ghana;GH;Bono East;GH;7.8035236;-1.0876492
Ghana;GH;Bono;GH;10.4032142;-2.7020869
Ghana;GH;Central;GH;5.7244148;-1.3761749
Ghana;GH;Eastern;GH;6.446877;-0.3770964
Ghana;GH;North East;GH;10.5279933;-0.3698625
Ghana;GH;Northern;GH;9.6600005;-0.3943799
Ghana;GH;Oti;GH;6.687858151524901;-1.61480337585764
Ghana;GH;Savannah;GH;9.1400654;-1.7111234
Ghana;GH;Volta;GH;6.5348624;0.4556055
Ghana;GH;Upper East;GH;10.8070481;-0.6870286
Ghana;GH;Upper West;GH;10.3669525;-2.0921426
Ghana;GH;Western North;GH;6.45443865;-2.31808455
Ghana;GH;Western;GH;5.4261241;-2.1286574
Gambia;GM;Banjul;GM;13.4410165;-16.5627509207259
Gambia;GM;Lower River;GM;13.3978304;-15.7263312195759
Gambia;GM;Central River;GM;13.575073849999999;-14.779714697602
Gambia;GM;North Bank;GM;13.473128299999999;-16.1334359118446
Gambia;GM;Upper River;GM;13.40499765;-14.1495575886476
Gambia;GM;Western;GM;13.25851295;-16.4997039452513
Guinea;GN;Bok√É;GN;11.3406898;-13.9440724
Guinea;GN;Beyla;GN;8.909431999999999;-8.36747547667369
Guinea;GN;Boffa;GN;10.1812281;-14.0377043
Guinea;GN;Bok√É;GN;11.3406898;-13.9440724
Guinea;GN;Conakry;GN;9.5170602;-13.6998434
Guinea;GN;Coyah;GN;9.709041;-13.388956
Guinea;GN;Kindia;GN;10.1154374;-13.1916883
Guinea;GN;Dabola;GN;10.742172;-11.106486
Guinea;GN;Dinguiraye;GN;11.5325439;-10.6727267766827
Guinea;GN;Dalaba;GN;10.6911854;-12.2516243
Guinea;GN;Dubr√É¬©;GN;9.7889809;-13.5169725
Guinea;GN;Faranah;GN;10.3143203;-10.890097
Guinea;GN;Faranah;GN;10.3143203;-10.890097
Guinea;GN;For√É¬©cari;GN;9.4300088;-13.0833859
Guinea;GN;Fria;GN;10.363036;-13.581185
Guinea;GN;Gaoual;GN;11.754096;-13.200333
Guinea;GN;Gu√É¬©k√É¬;GN;8.561649;-10.132821
Guinea;GN;Kankan;GN;10.6248355;-9.3175166
Guinea;GN;Kankan;GN;10.6248355;-9.3175166
Guinea;GN;Koubia;GN;11.586028;-11.894333
Guinea;GN;Kindia;GN;10.1154374;-13.1916883
Guinea;GN;K√É¬©rouan;GN;9.2705687;-9.0076196
Guinea;GN;Koundara;GN;12.485154;-13.298509
Guinea;GN;Kouroussa;GN;10.6513609;-9.881002
Guinea;GN;Kissidougou;GN;9.192389;-10.098269
Guinea;GN;Lab√É;GN;11.7614835;-12.0118889
Guinea;GN;Lab√É;GN;11.7614835;-12.0118889
Guinea;GN;L√É¬©lou;GN;11.4257233;-12.6828521
Guinea;GN;Lola;GN;8.0166961;-8.30784256326609
Guinea;GN;Mamou;GN;10.6619269;-12.1139542
Guinea;GN;Macenta;GN;8.294829199999999;-9.20944628506547
Guinea;GN;Mandiana;GN;10.6221083;-8.6949519
Guinea;GN;Mali;GN;12.0755231;-12.2956935
Guinea;GN;Mamou;GN;10.6619269;-12.1139542
Guinea;GN;Nz√É¬©r√É¬©k;GN;8.3925728;-8.8572519
Guinea;GN;Nz√É¬©r√É¬©k;GN;8.3925728;-8.8572519
Guinea;GN;Pita;GN;11.0564638;-12.3950499
Guinea;GN;Siguiri;GN;11.4195265;-9.1751513
Guinea;GN;T√É¬©lim√É¬;GN;10.9020333;-13.0326711
Guinea;GN;Tougu√É;GN;11.4394566;-11.6629484
Guinea;GN;Yomou;GN;7.53455495;-9.12501132895843
Equatorial Guinea;GQ;Annobon;GQ;-1.4343840499999998;5.63742363003393
Equatorial Guinea;GQ;Bioko Nord;GQ;3.6484594;8.7851155
Equatorial Guinea;GQ;Bioko Sud;GQ;3.4245254;8.6646092
Equatorial Guinea;GQ;R√É¬©gion Continenta;GQ;1.63539835;10.4693831202904
Equatorial Guinea;GQ;Djibloho;GQ;1.5981375500000001;10.7970667153464
Equatorial Guinea;GQ;R√É¬©gion Insulai;GQ;3.49865235;8.71360618386764
Equatorial Guinea;GQ;Ki√É¬©-Nt;GQ;2.0579266;10.9855916
Equatorial Guinea;GQ;Wele-Nzas;GQ;1.4648719;11.131676
Guinea-Bissau;GW;Bafat√É;GW;12.13485115;-14.7503609856523
Guinea-Bissau;GW;Bolama / Bijag√É¬;GW;11.27950645;-16.0294424760492
Guinea-Bissau;GW;Biombo;GW;11.8816758;-15.778449573524
Guinea-Bissau;GW;Bissau;GW;11.861324;-15.583055
Guinea-Bissau;GW;Cacheu;GW;12.274246;-16.1648911
Guinea-Bissau;GW;Gab√É;GW;12.11703505;-14.1762505779696
Guinea-Bissau;GW;Leste;GW;12.118438000000001;-14.4558004532339
Guinea-Bissau;GW;Oio;GW;12.2876092;-15.338765788765
Guinea-Bissau;GW;Quinara;GW;11.63401145;-15.0952685332172
Guinea-Bissau;GW;Sul;GW;-15.849624;-47.8581975231922
Guinea-Bissau;GW;Tombali;GW;11.2981082;-15.1170104471047
Kenya;KE;Baringo;KE;0.71400995;36.0172739
Kenya;KE;Bomet;KE;-0.7196054000000001;35.2399625010428
Kenya;KE;Bungoma;KE;0.78292445;34.719168107319
Kenya;KE;Busia;KE;0.3712048;34.2647952060831
Kenya;KE;Elgeyo/Marakwet;KE;0.7422191499999999;35.5618083135393
Kenya;KE;Embu;KE;-0.5359479;37.6652884382665
Kenya;KE;Garissa;KE;-0.52363325;40.3564053496207
Kenya;KE;Homa Bay;KE;-0.56396015;34.318781855908
Kenya;KE;Isiolo;KE;1.0060600499999999;38.7478953854063
Kenya;KE;Kajiado;KE;-2.12171705;36.78625503676
Kenya;KE;Kakamega;KE;0.4957104;34.8015488616346
Kenya;KE;Kericho;KE;-0.32099679999999997;35.2261275977538
Kenya;KE;Kiambu;KE;-1.0363950499999999;36.8431311631108
Kenya;KE;Kilifi;KE;-3.15073925;39.6750715919372
Kenya;KE;Kirinyaga;KE;-0.46887805;37.3027681039324
Kenya;KE;Kisii;KE;-0.73894255;34.7539855120173
Kenya;KE;Kisumu;KE;-0.1029109;34.7541761
Kenya;KE;Kitui;KE;-1.5642219499999999;38.372811618864
Kenya;KE;Kwale;KE;-4.1836067;39.105094975233
Kenya;KE;Laikipia;KE;0.2858452;36.8257710768291
Kenya;KE;Lamu;KE;-2.2675396;40.9010641
Kenya;KE;Machakos;KE;-1.27900465;37.3952697645255
Kenya;KE;Makueni;KE;-2.25709305;37.8771714816272
Kenya;KE;Mandera;KE;3.2285332;40.7056153165154
Kenya;KE;Marsabit;KE;2.85795825;37.7154891859004
Kenya;KE;Meru;KE;0.2254509;37.7772623716369
Kenya;KE;Migori;KE;-1.01922365;34.3095427017457
Kenya;KE;Mombasa;KE;-4.05052;39.667169
Kenya;KE;Murang'a;KE;-0.83170875;37.0049216277986
Kenya;KE;Nairobi City;KE;-1.2324273;36.8080505
Kenya;KE;Nakuru;KE;-0.2802724;36.0712048
Kenya;KE;Nandi;KE;0.22539325;35.1244929224076
Kenya;KE;Narok;KE;-1.2779365500000002;35.4774228493257
Kenya;KE;Nyamira;KE;-0.65179075;34.9341669745598
Kenya;KE;Nyandarua;KE;-0.3917064;36.4977396565246
Kenya;KE;Nyeri;KE;-0.4192962;36.9517005
Kenya;KE;Samburu;KE;1.5394463;36.9421659916204
Kenya;KE;Siaya;KE;-0.06040135;34.2001350099963
Kenya;KE;Taita/Taveta;KE;-3.4178355;38.3670676280897
Kenya;KE;Tana River;KE;-1.53651195;39.5508374053122
Kenya;KE;Tharaka-Nithi;KE;-0.19370805000000002;37.9614049560831
Kenya;KE;Trans Nzoia;KE;1.0454582499999998;34.9790439727159
Kenya;KE;Turkana;KE;3.52589445;36.0742948975865
Kenya;KE;Uasin Gishu;KE;0.4771938;35.3050597369923
Kenya;KE;Vihiga;KE;0.08192835;34.7084197488633
Kenya;KE;Wajir;KE;1.9394402;40.0247359506196
Kenya;KE;West Pokot;KE;1.8798607999999999;35.21061300685
Comoros;KM;Anjouan;KM;-12.226568050000001;44.4107048609822
Comoros;KM;Grande Comore;KM;-11.65256875;43.3309705959178
Comoros;KM;Moh√É¬©;KM;-12.32045735;43.7204313267297
Liberia;LR;Bong;LR;6.9622195;-9.7134459
Liberia;LR;Bomi;LR;6.7177856;-10.7881766
Liberia;LR;Grand Cape Mount;LR;7.0496206;-11.129843
Liberia;LR;Grand Bassa;LR;6.1640621;-9.895669
Liberia;LR;Grand Gedeh;LR;5.8161533;-8.0995537
Liberia;LR;Grand Kru;LR;4.84932;-8.3308845
Liberia;LR;Gbarpolu;LR;7.2681564;-10.3814771
Liberia;LR;Lofa;LR;7.8824046;-9.9760297
Liberia;LR;Margibi;LR;6.6053676;-10.1758429
Liberia;LR;Montserrado;LR;6.4095537;-10.6059403
Liberia;LR;Maryland;LR;4.6355376;-7.7281669
Liberia;LR;Nimba;LR;6.8088813;-8.7461448
Liberia;LR;River Gee;LR;5.2653903;-7.8856203
Liberia;LR;River Cess;LR;5.9087331;-9.3938267
Liberia;LR;Sinoe;LR;5.3232693;-8.8435955
Lesotho;LS;Maseru;LS;-29.310054;27.478222
Lesotho;LS;Botha-Bothe;LS;-29.3854471;28.9518928
Lesotho;LS;Leribe;LS;-29.0182683;28.2636997
Lesotho;LS;Berea;LS;-29.1963971;27.9175581
Lesotho;LS;Mafeteng;LS;-29.7893049;27.4423193
Lesotho;LS;Mohale's Hoek;LS;-30.0696842;27.8038609
Lesotho;LS;Quthing;LS;-30.3601252;27.9855738
Lesotho;LS;Qacha's Nek;LS;-29.9656502;28.7380611
Lesotho;LS;Mokhotlong;LS;-29.2190697;29.0351369
Lesotho;LS;Thaba-Tseka;LS;-29.5699207;28.5938214
Libya;LY;Al Bu√Ö¬£n√;LY;30.1782873;24.0530924
Libya;LY;Darnah;LY;32.7593795;22.6383195
Libya;LY;Gh√Ñ¬;LY;26.0198133;10.4339911
Libya;LY;Al Jabal al Akh√°¬∏‚;LY;32.4874119;21.7089729
Libya;LY;Al Jabal al Gharb√Ñ;LY;30.704649;13.2233859
Libya;LY;Al Jaf√Ñ¬År;LY;32.5587916;13.0707024
Libya;LY;Al Jufrah;LY;28.0055724;16.7430292
Libya;LY;Al Kufrah;LY;23.3323776;22.0840331
Libya;LY;Al Marqab;LY;32.4071058;13.8621903
Libya;LY;Mi√Ö≈∏r√Ñ¬;LY;32.3745923;15.0905803
Libya;LY;Al Marj;LY;31.9108728;21.1477877
Libya;LY;Murzuq;LY;24.5351182;15.2592288
Libya;LY;N√Ñ¬Ål√;LY;30.6131484;10.6709595
Libya;LY;An Nuq√Ñ¬Å√Ö¬£ al K;LY;32.7177153;11.9896415
Libya;LY;Sabh√Ñ;LY;27.0364864;14.4290398
Libya;LY;Surt;LY;31.2059625;16.5836206
Libya;LY;≈¢arƒÅbulus;LY;32.896672;13.1777923
Libya;LY;Al W√Ñ¬Å√°¬∏;LY;29.1573123;21.7496392
Libya;LY;W√Ñ¬Åd√Ñ¬´ al √°¬∏;LY;26.4233369;12.7183638
Libya;LY;W√Ñ¬Åd√Ñ¬´ ash Sh√Ñ¬Å;LY;27.49669923671982;14.2690988849636
Libya;LY;Az Z√Ñ¬Åwiy;LY;32.7596665;12.7355967
Morocco;MA;Tanger-T√É¬©touan-Al Hoce√É;MA;35.202941;-5.5510167
Morocco;MA;L'Oriental;MA;34.6808997;-1.94071955793932
Morocco;MA;F√É¬®s-Mekn√;MA;33.8333136;-4.8556382
Morocco;MA;Rabat-Sal√É¬©-K√É¬©n;MA;33.9204332;-6.3676093
Morocco;MA;B√É¬©ni Mellal-Kh√É¬©n;MA;32.6407498;-6.207105
Morocco;MA;Casablanca-Settat;MA;33.2627128;-7.9639028
Morocco;MA;Marrakech-Safi;MA;31.6048574;-8.3654032
Morocco;MA;Dr√É¬¢a-Tafilal;MA;31.1835432;-5.1395435
Morocco;MA;Souss-Massa;MA;30.187722;-8.6322498
Morocco;MA;Agadir-Ida-Ou-Tanane;MA;30.4209492;-9.6044298
Morocco;MA;Azilal;MA;31.959295;-6.570991
Morocco;MA;B√É¬©ni Mell;MA;32.334193;-6.353335
Morocco;MA;Berkane;MA;34.9266755;-2.3294087
Morocco;MA;Benslimane;MA;33.61238965;-7.14401744427486
Morocco;MA;Boulemane;MA;33.363795800000005;-4.72957502174764
Morocco;MA;Berrechid;MA;33.2676746;-7.5811465
Morocco;MA;Casablanca;MA;33.5945144;-7.6200284
Morocco;MA;Chefchaouen;MA;35.1700832;-5.2766582971064
Morocco;MA;Chichaoua;MA;31.5463197;-8.7602644
Morocco;MA;Chtouka-Ait Baha;MA;30.00806015;-9.33344125084857
Morocco;MA;Driouch;MA;34.97282365;-3.38401918655354
Morocco;MA;Errachidia;MA;31.929089;-4.4340807
Morocco;MA;Essaouira;MA;31.5118281;-9.7620903
Morocco;MA;Fahs-Anjra;MA;35.7518235;-5.58646516565741
Morocco;MA;F√É¬;MA;34.0346534;-5.0161926
Morocco;MA;Figuig;MA;32.726313399999995;-2.64462717579827
Morocco;MA;Fquih Ben Salah;MA;32.4212148;-6.74707846786724
Morocco;MA;Guelmim;MA;28.9863852;-10.0574351
Morocco;MA;Guercif;MA;34.225576;-3.352345
Morocco;MA;El Hajeb;MA;33.69875155;-5.49285931076772
Morocco;MA;Al Haouz;MA;31.2806715;-7.92517710800457
Morocco;MA;Al Hoce√É¬Ø;MA;35.245114;-3.930186
Morocco;MA;Ifrane;MA;33.527605;-5.107408
Morocco;MA;Inezgane-Ait Melloul;MA;30.346917249999997;-9.44084920958188
Morocco;MA;El Jadida;MA;33.22932285;-8.49935673665264
Morocco;MA;Jerada;MA;34.310531;-2.159979
Morocco;MA;K√É¬©nit;MA;34.26457;-6.570169
Morocco;MA;El Kel√É¬¢a des Sragh;MA;32.0538921;-7.4068642
Morocco;MA;Kh√É¬©miss;MA;33.830287;-6.072605
Morocco;MA;Kh√É¬©nif;MA;32.9357718;-5.6696504
Morocco;MA;Khouribga;MA;32.8856482;-6.908798
Morocco;MA;Larache;MA;35.1952327;-6.152913
Morocco;MA;Marrakech;MA;31.6258257;-7.9891608
Morocco;MA;M√¢‚Ç¨‚Ñ¢diq-F;MA;35.761480649999996;-5.39941600926172
Morocco;MA;M√É¬©diou;MA;33.456251;-7.51944
Morocco;MA;Mekn√É¬;MA;33.8984131;-5.5321582
Morocco;MA;Midelt;MA;32.680347;-4.739897
Morocco;MA;Mohammadia;MA;33.6958383;-7.3893292
Morocco;MA;Moulay Yacoub;MA;34.087468;-5.179435
Morocco;MA;Nador;MA;35.1739922;-2.9281198
Morocco;MA;Nouaceur;MA;33.3678533;-7.5681451
Morocco;MA;Ouarzazate;MA;30.920193;-6.910923
Morocco;MA;Oujda-Angad;MA;34.667468;-2.03658371084581
Morocco;MA;Ouezzane;MA;34.8071502;-5.5760934
Morocco;MA;Rabat;MA;34.02236;-6.8340222
Morocco;MA;Rehamna;MA;34.9213337;-2.1460313
Morocco;MA;Safi;MA;32.299424;-9.239533
Morocco;MA;Sal√É;MA;34.044889;-6.814017
Morocco;MA;Sefrou;MA;33.824898;-4.833336
Morocco;MA;Settat;MA;33.002397;-7.619867
Morocco;MA;Sidi Bennour;MA;32.6507792;-8.4242087
Morocco;MA;Sidi Ifni;MA;29.3791253;-10.1715632
Morocco;MA;Sidi Kacem;MA;34.226412;-5.711434
Morocco;MA;Sidi Slimane;MA;34.259878;-5.927253
Morocco;MA;Skhirate-T√É¬©ma;MA;33.7563375;-6.87994275828344
Morocco;MA;Taourirt;MA;34.413438;-2.893825
Morocco;MA;Taounate;MA;34.538476;-4.635994
Morocco;MA;Taroudannt;MA;30.4719787;-8.8669712
Morocco;MA;Tata;MA;29.746392;-7.9696051
Morocco;MA;Taza;MA;34.230155;-4.010104
Morocco;MA;T√É¬©tou;MA;35.570175;-5.3742776
Morocco;MA;Tinghir;MA;31.52133;-5.531164
Morocco;MA;Tiznit;MA;29.698624;-9.7312815
Morocco;MA;Tanger-Assilah;MA;35.56535515;-5.85292542451219
Morocco;MA;Youssoufia;MA;32.245801;-8.532439
Morocco;MA;Zagora;MA;30.3279053;-5.8369957
Madagascar;MG;Toamasina;MG;-18.1553985;49.4098352
Madagascar;MG;Antsiranana;MG;-12.2779632;49.2913743
Madagascar;MG;Fianarantsoa;MG;-21.456444;47.085149
Madagascar;MG;Mahajanga;MG;-15.7181492;46.3172577
Madagascar;MG;Antananarivo;MG;-18.9100122;47.5255809
Madagascar;MG;Toliara;MG;-23.354173;43.66966
Mali;ML;Kayes;ML;13.8001844;-10.2245548149391
Mali;ML;Taoud√É¬©n;ML;22.6664669;-3.9852
Mali;ML;Koulikoro;ML;13.4820706;-7.60960785071381
Mali;ML;Sikasso;ML;11.529684;-6.86632585769231
Mali;ML;S√É¬©g;ML;13.441518;-6.268147
Mali;ML;Mopti;ML;14.514489000000001;-3.64645806048387
Mali;ML;Tombouctou;ML;16.7719091;-3.0087272
Mali;ML;Gao;ML;16.2788129;-0.0412392
Mali;ML;Kidal;ML;19.802089000000002;0.725312456855792
Mali;ML;M√É¬©na;ML;15.9167;2.4
Mali;ML;Bamako;ML;12.649319;-8.000337
Mauritania;MR;Hodh ech Chargui;MR;18.1941112;-7.0921652
Mauritania;MR;Hodh el Gharbi;MR;16.5693922;-9.8322366
Mauritania;MR;Assaba;MR;16.5809185;-11.5363724
Mauritania;MR;Gorgol;MR;16.0062275;-12.8360834
Mauritania;MR;Brakna;MR;17.2475638;-13.4037714
Mauritania;MR;Trarza;MR;17.922642;-14.8476017
Mauritania;MR;Adrar;MR;21.0090623;-10.2207449
Mauritania;MR;Dakhlet Nou√É¬¢dhib;MR;20.8019537;-16.0012708
Mauritania;MR;Tagant;MR;18.5729893;-10.3937926
Mauritania;MR;Guidimaka;MR;14.9643533;-12.3475639
Mauritania;MR;Tiris Zemmour;MR;24.1951392;-9.6664199
Mauritania;MR;Inchiri;MR;19.9922766;-15.113767
Mauritania;MR;Nouakchott Ouest;MR;18.1127945;-15.9930276
Mauritania;MR;Nouakchott Nord;MR;18.1024945;-15.9192818540323
Mauritania;MR;Nouakchott Sud;MR;18.0033945;-15.9658290368346
Mauritius;MU;Agalega Islands;MU;-10.46735555;56.6890585542916
Mauritius;MU;Black River;MU;-20.3264792;57.4155784561405
Mauritius;MU;Cargados Carajos Shoals;MU;-16.2411839;59.5915367567484
Mauritius;MU;Flacq;MU;-20.221731249999998;57.7223250892816
Mauritius;MU;Grand Port;MU;-20.3897284;57.6160761539448
Mauritius;MU;Moka;MU;-20.25213925;57.5872245154302
Mauritius;MU;Pamplemousses;MU;-20.098813399999997;57.5740655393855
Mauritius;MU;Port Louis;MU;-20.1624522;57.5028044
Mauritius;MU;Plaines Wilhems;MU;-20.305389599999998;57.4959619219299
Mauritius;MU;Rodrigues Island;MU;-19.719514850000003;63.4175937609473
Mauritius;MU;Rivi√É¬®re du Rempa;MU;-20.06699425;57.6506300228311
Mauritius;MU;Savanne;MU;-20.458385999999997;57.4893296987539
Malawi;MW;Balaka;MW;-15.04847375;35.0531597899869
Malawi;MW;Blantyre;MW;-15.7862543;35.0035694
Malawi;MW;Central Region;MW;-13.744272500000001;33.7056942314583
Malawi;MW;Chikwawa;MW;-16.21538195;34.7228393243151
Malawi;MW;Chiradzulu;MW;-15.754719999999999;35.2055361705202
Malawi;MW;Chitipa;MW;-9.9728541;33.41202427957
Malawi;MW;Dedza;MW;-14.2374479;34.319651439664
Malawi;MW;Dowa;MW;-13.53875785;33.7781079828639
Malawi;MW;Karonga;MW;-10.08474695;33.8661918119662
Malawi;MW;Kasungu;MW;-12.992487650000001;33.4723566959151
Malawi;MW;Lilongwe;MW;-13.9875107;33.768144
Malawi;MW;Likoma;MW;-12.066386300000001;34.734435755419
Malawi;MW;Mchinji;MW;-13.782889749999999;33.0204738637249
Malawi;MW;Mangochi;MW;-14.1406247;35.3263624319296
Malawi;MW;Machinga;MW;-14.902749700000001;35.6025815626795
Malawi;MW;Mulanje;MW;-15.91088;35.5412549999018
Malawi;MW;Mwanza;MW;-15.61360315;34.5146595340194
Malawi;MW;Mzimba;MW;-11.845810199999999;33.5578319113147
Malawi;MW;Northern Region;MW;-11.04916515;33.7730261261566
Malawi;MW;Nkhata Bay;MW;-11.608449199999999;34.0415690844828
Malawi;MW;Neno;MW;-15.51371825;34.6832204901312
Malawi;MW;Ntchisi;MW;-13.27698805;33.8546271976913
Malawi;MW;Nkhotakota;MW;-12.8321965;34.0329177032047
Malawi;MW;Nsanje;MW;-16.7199917;35.1011087936239
Malawi;MW;Ntcheu;MW;-14.83041285;34.7658316295619
Malawi;MW;Phalombe;MW;-15.69220705;35.6650523108268
Malawi;MW;Rumphi;MW;-10.790932649999998;33.8507117760361
Malawi;MW;Southern Region;MW;-15.306290050000001;35.328150686437
Malawi;MW;Salima;MW;-13.762898400000001;34.4523699764455
Malawi;MW;Thyolo;MW;-16.128774749999998;35.1449132238241
Malawi;MW;Zomba;MW;-15.3863208;35.3268273
Mozambique;MZ;Niassa;MZ;-13.0638577;36.4669964
Mozambique;MZ;Manica;MZ;-19.0400995;33.4318137
Mozambique;MZ;Gaza;MZ;-23.328398;32.8066057
Mozambique;MZ;Inhambane;MZ;-22.779116;34.5661741
Mozambique;MZ;Maputo;MZ;-25.966213;32.56745
Mozambique;MZ;Maputo;MZ;-25.966213;32.56745
Mozambique;MZ;Nampula;MZ;-14.966969;39.2707752
Mozambique;MZ;Cabo Delgado;MZ;-12.4254942;39.4168743
Mozambique;MZ;Zamb√É¬©z;MZ;-16.6460178;36.991932
Mozambique;MZ;Sofala;MZ;-19.0771666;34.7164804
Mozambique;MZ;Tete;MZ;-15.5205193;32.7682742
Niger;NE;Agadez;NE;16.972556;7.990739
Niger;NE;Diffa;NE;13.3130749;12.6136611
Niger;NE;Dosso;NE;13.0496369;3.1944647
Niger;NE;Maradi;NE;13.501206;7.102534
Niger;NE;Tahoua;NE;14.889922;5.262149
Niger;NE;Tillab√É¬©;NE;14.822403600000001;0.862245901363793
Niger;NE;Zinder;NE;13.8063421;8.9891659
Niger;NE;Niamey;NE;13.524834;2.109823
Nigeria;NG;Abia;NG;5.4540953;7.5153071
Nigeria;NG;Adamawa;NG;9.5129772;12.3881887
Nigeria;NG;Akwa Ibom;NG;4.99063795;7.79662045137846
Nigeria;NG;Anambra;NG;6.2183136;6.9531842
Nigeria;NG;Bauchi;NG;10.6228284;10.0287754
Nigeria;NG;Benue;NG;7.3505747;8.7772877
Nigeria;NG;Borno;NG;12.1875392;13.3080034
Nigeria;NG;Bayelsa;NG;4.7629786;6.028898
Nigeria;NG;Cross River;NG;5.8671966;8.5204774
Nigeria;NG;Delta;NG;5.5273061;6.1784167
Nigeria;NG;Ebonyi;NG;6.1996918;8.0348906
Nigeria;NG;Edo;NG;6.6076575;5.9722713
Nigeria;NG;Ekiti;NG;7.736891;5.2738326
Nigeria;NG;Enugu;NG;6.4499833;7.5000007
Nigeria;NG;Abuja Federal Capital Territory;NG;8.8311228;7.1724673
Nigeria;NG;Gombe;NG;10.430401849999999;11.2065407823322
Nigeria;NG;Imo;NG;5.5859456;7.0669651
Nigeria;NG;Jigawa;NG;12.3252362;9.5103296
Nigeria;NG;Kaduna;NG;10.5182899;7.4359863
Nigeria;NG;Kebbi;NG;11.4167574;4.1074545
Nigeria;NG;Kano;NG;11.9918671;8.5303654
Nigeria;NG;Kogi;NG;7.7949602;6.6868669
Nigeria;NG;Katsina;NG;12.5630825;7.6207063
Nigeria;NG;Kwara;NG;8.8367891;4.6688487
Nigeria;NG;Lagos;NG;6.4550575;3.3941795
Nigeria;NG;Nasarawa;NG;8.4387868;8.2382849
Nigeria;NG;Niger;NG;9.9326083;5.6511088
Nigeria;NG;Ogun;NG;6.9788582;3.4389293
Nigeria;NG;Ondo;NG;7.0209686;5.0567477
Nigeria;NG;Osun;NG;7.5484047;4.4978307
Nigeria;NG;Oyo;NG;8.2151249;3.5642897
Nigeria;NG;Plateau;NG;9.0583446;9.6826289
Nigeria;NG;Rivers;NG;4.8416028;6.8604088
Nigeria;NG;Sokoto;NG;13.0611195;5.3152203
Nigeria;NG;Taraba;NG;8.0141334;10.7376336
Nigeria;NG;Yobe;NG;12.1233242;11.5065937
Nigeria;NG;Zamfara;NG;12.0078998;6.4191432
Rwanda;RW;Eastern;RW;1.2569376;34.7638929
Rwanda;RW;Northern;RW;-1.6042853136567439;29.8154629832598
Rwanda;RW;Western;RW;-0.7727891;30.0884324
Rwanda;RW;Southern;RW;-2.6154118;29.7438613252242
Seychelles;SC;Anse aux Pins;SC;-4.68390985;55.5215923716372
Seychelles;SC;Anse Boileau;SC;-4.7110788;55.4836699
Seychelles;SC;Anse Etoile;SC;-4.5932954;55.455248
Seychelles;SC;Au Cap;SC;-4.7075642;55.5125009837297
Seychelles;SC;Anse Royale;SC;-4.7376121;55.5176065
Seychelles;SC;Baie Lazare;SC;-4.7526077;55.4811946
Seychelles;SC;Baie Sainte Anne;SC;-4.3411172;55.7564233
Seychelles;SC;Beau Vallon;SC;-4.605533299999999;55.4354846583678
Seychelles;SC;Bel Air;SC;-4.6416205999999995;55.4518668343304
Seychelles;SC;Bel Ombre;SC;-4.6193716;55.4112979
Seychelles;SC;Cascade;SC;-4.6691243;55.4972693
Seychelles;SC;Glacis;SC;-4.583654;55.4345526
Seychelles;SC;Grand Anse Mahe;SC;-4.6750171;55.4505286
Seychelles;SC;Grand Anse Praslin;SC;-4.3269702;55.7177343
Seychelles;SC;La Digue;SC;-4.360087500000001;55.8384774719471
Seychelles;SC;English River;SC;-4.60920415;55.451842958332
Seychelles;SC;Mont Buxton;SC;-4.6106683;55.4416761144197
Seychelles;SC;Mont Fleuri;SC;-4.636317200000001;55.4645940921582
Seychelles;SC;Plaisance;SC;-4.65391;55.4680175
Seychelles;SC;Pointe Larue;SC;-4.673791850000001;55.5158932117653
Seychelles;SC;Port Glaud;SC;-4.66406;55.4177606
Seychelles;SC;Saint Louis;SC;-4.6223;55.4390617875464
Seychelles;SC;Takamaka;SC;-4.788668550000001;55.5153283860224
Seychelles;SC;Les Mamelles;SC;-4.65704485;55.4811607666667
Seychelles;SC;Roche Caiman;SC;-4.6493085;55.483165644582
Seychelles;SC;Ile Perseverance I;SC;-4.608958599999999;55.4666444626274
Seychelles;SC;Ile Perseverance II;SC;-4.6038488;55.4650914233986
Sudan;SD;Central Darfur;SD;12.1297093;23.3541686607301
Sudan;SD;East Darfur;SD;11.2231983;26.5858041
Sudan;SD;North Darfur;SD;16.0;26
Sudan;SD;South Darfur;SD;11.0;25
Sudan;SD;West Darfur;SD;13.4263009;22.6574884
Sudan;SD;Gedaref;SD;14.040941;35.398832
Sudan;SD;West Kordofan;SD;11.75228025;28.204602556133
Sudan;SD;Gezira;SD;14.6671537;33.222361
Sudan;SD;Kassala;SD;15.452011;36.3770699
Sudan;SD;Khartoum;SD;15.5635972;32.5349123
Sudan;SD;North Kordofan;SD;15.0;29.9999999
Sudan;SD;South Kordofan;SD;11.0;31
Sudan;SD;Blue Nile;SD;15.608232237212656;32.5083568650903
Sudan;SD;Northern;SD;3.0239358;30.9375883
Sudan;SD;River Nile;SD;18.38819429028281;33.7451255045863
Sudan;SD;White Nile;SD;12.2364134;32.7315919
Sudan;SD;Red Sea;SD;19.43441055;37.23392327271
Sudan;SD;Sennar;SD;13.0;33.5
Sierra Leone;SL;Eastern;SL;8.2050971;-10.8437382637735
Sierra Leone;SL;Northern;SL;9.118454;-11.4856447751051
Sierra Leone;SL;North Western;SL;13.4126699;-16.7321861
Sierra Leone;SL;Southern;SL;7.709922199999999;-12.0004178152279
Sierra Leone;SL;Western Area (Freetown);SL;8.467820549999999;-13.2626634805212
Senegal;SN;Diourbel;SN;14.78445395;-16.0316451496525
Senegal;SN;Dakar;SN;14.693425;-17.447938
Senegal;SN;Fatick;SN;13.9406041;-16.4024021
Senegal;SN;Kaffrine;SN;14.24853565;-15.2354791801383
Senegal;SN;Kolda;SN;13.1291507;-14.4181473743236
Senegal;SN;K√É¬©doug;SN;12.885677300000001;-12.2863631694198
Senegal;SN;Kaolack;SN;14.138815;-16.076391
Senegal;SN;Louga;SN;15.39668845;-15.6779282771619
Senegal;SN;Matam;SN;15.268143550000001;-13.6991605863759
Senegal;SN;S√É¬©dhi;SN;12.9102548;-15.5529839009788
Senegal;SN;Saint-Louis;SN;16.0280445;-16.5048686
Senegal;SN;Tambacounda;SN;13.86863235;-13.3190328463915
Senegal;SN;Thi√É¬;SN;14.791461;-16.925605
Senegal;SN;Ziguinchor;SN;12.5634929;-16.2724609
Somalia;SO;Awdal;SO;10.6951152;43.4904963
Somalia;SO;Bakool;SO;4.000003;43.999993
Somalia;SO;Banaadir;SO;2.0783351;45.2805421
Somalia;SO;Bari;SO;10.1903509;50.1298044
Somalia;SO;Bay;SO;2.9999946;43.500177
Somalia;SO;Galguduud;SO;5.0;47
Somalia;SO;Gedo;SO;3.0;42
Somalia;SO;Hiiraan;SO;3.9999147;45.4999573
Somalia;SO;Jubbada Dhexe;SO;1.4325937;42.6559939
Somalia;SO;Jubbada Hoose;SO;-0.0001019;41.9999624
Somalia;SO;Mudug;SO;6.6507279;48.3009945
Somalia;SO;Nugaal;SO;8.16698;48.9978971
Somalia;SO;Sanaag;SO;10.4386899;47.5924085
Somalia;SO;Shabeellaha Dhexe;SO;3.0;46
Somalia;SO;Shabeellaha Hoose;SO;1.8427539;44.5937239
Somalia;SO;Sool;SO;8.9604812;47.5857827
Somalia;SO;Togdheer;SO;9.1706823;45.5375166
Somalia;SO;Woqooyi Galbeed;SO;9.5051825;44.0731432
South Sudan;SS;Northern Bahr el Ghazal;SS;9.0;27
South Sudan;SS;Western Bahr el Ghazal;SS;8.545555499999999;25.222450418689
South Sudan;SS;Central Equatoria;SS;5.0;31.5
South Sudan;SS;Eastern Equatoria;SS;5.283932;33.5912329
South Sudan;SS;Western Equatoria;SS;5.5381215;29.1495117512062
South Sudan;SS;Jonglei;SS;8.0;32
South Sudan;SS;Lakes;SS;6.7526715500000005;30.0948428696857
South Sudan;SS;Upper Nile;SS;9.0;33
South Sudan;SS;Unity;SS;8.4582525;29.9560547
South Sudan;SS;Warrap;SS;7.91326885;28.9588141370958
Sao Tome and Principe;ST;√Ågua Grande;ST;0.34909880000000004;6.71001441648728
Sao Tome and Principe;ST;Cantagalo;ST;0.2294719;6.68072787444808
Sao Tome and Principe;ST;Cau√É;ST;0.14405055;6.59259231196715
Sao Tome and Principe;ST;Lemb√É;ST;0.25369865;6.50895462835438
Sao Tome and Principe;ST;Lobata;ST;0.3661687;6.65057069694236
Sao Tome and Principe;ST;M√É¬©-Z√É¬;ST;0.29633075;6.6642620452739
Sao Tome and Principe;ST;Pr√É¬≠nci;ST;1.6103558;7.39925790866233
Eswatini;SZ;Hhohho;SZ;-26.098801199999997;31.3630821662549
Eswatini;SZ;Lubombo;SZ;-26.55452;31.8619115664749
Eswatini;SZ;Manzini;SZ;-26.4976444;31.3750815
Eswatini;SZ;Shiselweni;SZ;-27.036022000000003;31.3321297739692
Chad;TD;Batha;TD;13.8367731;18.9649806
Chad;TD;Bahr el Ghazal;TD;13.6405703;16.4907759
Chad;TD;Borkou;TD;17.2658129;18.3695288
Chad;TD;Chari-Baguirmi;TD;11.3345348;16.2884311
Chad;TD;Ennedi-Est;TD;17.6219737;23.3133676
Chad;TD;Ennedi-Ouest;TD;18.1636803;21.5082709
Chad;TD;Gu√É¬©;TD;11.6753817;18.4910031
Chad;TD;Hadjer Lamis;TD;12.6903906;16.3352648
Chad;TD;Kanem;TD;15.2264398;15.3151191
Chad;TD;Lac;TD;13.5820827;14.3788329
Chad;TD;Logone-Occidental;TD;8.7795637;15.9126749
Chad;TD;Logone-Oriental;TD;8.2047152;16.470181
Chad;TD;Mandoul;TD;8.727509999999999;17.5841771273318
Chad;TD;Moyen-Chari;TD;9.4407768;18.8160927
Chad;TD;Mayo-Kebbi-Est;TD;10.126618;15.818345
Chad;TD;Mayo-Kebbi-Ouest;TD;9.2640383;14.7151598
Chad;TD;Ville de Ndjamena;TD;12.105344;15.0447181483344
Chad;TD;Ouadda√É;TD;13.4613569;21.288445
Chad;TD;Salamat;TD;10.7575596;20.6934116
Chad;TD;Sila;TD;12.11786;21.4458848
Chad;TD;Tandjil√É;TD;9.5713051;16.5294956
Chad;TD;Tibesti;TD;21.2438074;17.7531766639556
Chad;TD;Wadi Fira;TD;15.0191449;21.467319
Togo;TG;Centrale;TG;8.607113;1.04585536693924
Togo;TG;Kara;TG;9.541111;0.787601829928911
Togo;TG;Maritime (R√É¬©gio;TG;6.51751775;1.20458048140176
Togo;TG;Plateaux;TG;7.450501;1.08927020705077
Togo;TG;Savanes;TG;10.511559;0.465375083977574
Tunisia;TN;Tunis;TN;36.8002068;10.1857757
Tunisia;TN;L'Ariana;TN;36.968573500000005;10.1219855063295
Tunisia;TN;Ben Arous;TN;36.63064825;10.2100827038175
Tunisia;TN;La Manouba;TN;36.8113307;10.0947037
Tunisia;TN;Nabeul;TN;36.4512897;10.7355915
Tunisia;TN;Zaghouan;TN;36.3319504;10.0452999718776
Tunisia;TN;Bizerte;TN;37.2720905;9.8708565
Tunisia;TN;B√É¬©;TN;36.7236755;9.185382
Tunisia;TN;Jendouba;TN;36.67797255;8.75264696546054
Tunisia;TN;Le Kef;TN;36.03576425;8.72493808761197
Tunisia;TN;Siliana;TN;35.9715323;9.3577128756367
Tunisia;TN;Kairouan;TN;35.6710101;10.10062
Tunisia;TN;Kasserine;TN;35.1687646;8.8365654
Tunisia;TN;Sidi Bouzid;TN;34.881181;9.52635984718234
Tunisia;TN;Sousse;TN;35.8288284;10.6405254
Tunisia;TN;Monastir;TN;35.7707582;10.8280511
Tunisia;TN;Mahdia;TN;35.503642;11.0682429
Tunisia;TN;Sfax;TN;34.7394361;10.7604024
Tunisia;TN;Gafsa;TN;34.4224374;8.7843862
Tunisia;TN;Tozeur;TN;33.9239001;8.1370639
Tunisia;TN;K√É¬©bi;TN;33.33877015;8.70329096458463
Tunisia;TN;Gab√É¬;TN;33.8878082;10.10044
Tunisia;TN;M√É¬©deni;TN;32.981998700000005;11.2870253647308
Tunisia;TN;Tataouine;TN;31.7317009;9.77021974962427
Uganda;UG;Kalangala;UG;-0.61419085;32.375565042956
Uganda;UG;Kampala;UG;0.3177137;32.5813539
Uganda;UG;Kiboga;UG;0.85925585;31.9283488918021
Uganda;UG;Luwero;UG;0.4779014;33.8055239
Uganda;UG;Masaka;UG;-0.483142;31.8318894741654
Uganda;UG;Mpigi;UG;0.1273955;32.2527516901607
Uganda;UG;Mubende;UG;0.5154278999999999;31.4095476418994
Uganda;UG;Mukono;UG;-0.052324499999999996;32.7262557476065
Uganda;UG;Nakasongola;UG;1.3204357999999998;32.489434688572
Uganda;UG;Rakai;UG;-0.7264163;31.340083515414
Uganda;UG;Sembabule;UG;-0.05367925;31.410145884215
Uganda;UG;Kayunga;UG;0.99240735;32.859238399241
Uganda;UG;Wakiso;UG;0.3760928;32.4561265390819
Uganda;UG;Lyantonde;UG;-0.25959835;31.1836375787782
Uganda;UG;Mityana;UG;0.45606855;32.0768024173631
Uganda;UG;Nakaseke;UG;1.0022373;32.1758087479216
Uganda;UG;Buikwe;UG;0.3031612;33.0390868316908
Uganda;UG;Butambala;UG;0.16426525;32.1352370732013
Uganda;UG;Buvuma;UG;-0.31139269999999997;33.1978060253448
Uganda;UG;Gomba;UG;0.20426634999999999;31.7291771659097
Uganda;UG;Kalungu;UG;-0.09131305;31.8106464510844
Uganda;UG;Kyankwanzi;UG;1.09334705;31.6813924429066
Uganda;UG;Lwengo;UG;-0.44411805000000004;31.399018658099
Uganda;UG;Kyotera;UG;-0.71447015;31.6222136690811
Uganda;UG;Kasanda;UG;0.556667;31.802222
Uganda;UG;Bugiri;UG;0.520721;33.7750698252606
Uganda;UG;Busia;UG;0.39171029999999996;34.0160135343642
Uganda;UG;Iganga;UG;0.7221911000000001;33.5016935166769
Uganda;UG;Jinja;UG;0.57515665;33.2805298577542
Uganda;UG;Kamuli;UG;0.94224745;33.1263004037931
Uganda;UG;Kapchorwa;UG;1.33106065;34.3961656340353
Uganda;UG;Katakwi;UG;1.97332855;34.0573389170186
Uganda;UG;Kumi;UG;1.4565401;33.9219126901421
Uganda;UG;Mbale;UG;0.9765705499999999;34.2021869218895
Uganda;UG;Pallisa;UG;1.2200723999999998;33.6914869633059
Uganda;UG;Soroti;UG;1.7879059499999999;33.5007314117191
Uganda;UG;Tororo;UG;0.74074215;34.1026861747972
Uganda;UG;Kaberamaido;UG;1.68796745;33.1174887734796
Uganda;UG;Mayuge;UG;-0.2058293;33.5894375547522
Uganda;UG;Sironko;UG;1.18855355;34.2950673647919
Uganda;UG;Amuria;UG;1.9819076500000001;33.6574718580461
Uganda;UG;Budaka;UG;1.0658189500000002;34.0208930566292
Uganda;UG;Bududa;UG;1.02718135;34.3907845327096
Uganda;UG;Bukedea;UG;1.37070475;34.1424762193131
Uganda;UG;Bukwo;UG;1.2549848;34.6924324354727
Uganda;UG;Butaleja;UG;0.86124775;33.8779637341611
Uganda;UG;Kaliro;UG;1.08336765;33.4822171073396
Uganda;UG;Manafwa;UG;0.8813468499999999;34.269550659661
Uganda;UG;Namutumba;UG;0.88698525;33.6653494085567
Uganda;UG;Bulambuli;UG;1.34949885;34.2760948579718
Uganda;UG;Buyende;UG;1.2352379999999998;33.1703533244419
Uganda;UG;Kibuku;UG;1.05737535;33.8056152211293
Uganda;UG;Kween;UG;1.3516648500000001;34.5635806926613
Uganda;UG;Luuka;UG;0.8199340500000001;33.3268940743819
Uganda;UG;Namayingo;UG;-0.24787874999999998;33.8114802100651
Uganda;UG;Ngora;UG;1.4988837;33.7729298398273
Uganda;UG;Serere;UG;1.49169895;33.3568368332223
Uganda;UG;Butebo;UG;1.1923861;33.8904092
Uganda;UG;Namisindwa;UG;0.86783955;34.3831407051465
Uganda;UG;Bugweri;UG;0.62425635;33.6154383214977
Uganda;UG;Kapelebyong;UG;2.1970820499999997;33.7772633464334
Uganda;UG;Kalaki;UG;1.8327164;33.3540447941729
Uganda;UG;Adjumani;UG;3.23712805;31.7858246217691
Uganda;UG;Apac;UG;1.93372575;32.5018028167538
Uganda;UG;Arua;UG;3.0014096;31.0093527073583
Uganda;UG;Gulu;UG;3.03465835;32.3802374291447
Uganda;UG;Kitgum;UG;3.44388455;33.484117182439
Uganda;UG;Kotido;UG;2.9951839;34.034212772269
Uganda;UG;Lira;UG;2.26740645;33.3200225517687
Uganda;UG;Moroto;UG;2.6156454499999997;34.639981739983
Uganda;UG;Moyo;UG;3.66646655;31.7579511439501
Uganda;UG;Nebbi;UG;2.43294065;31.1619887700015
Uganda;UG;Nakapiripirit;UG;1.84899125;34.6425478460848
Uganda;UG;Pader;UG;2.8876024;32.8962855771774
Uganda;UG;Yumbe;UG;3.4914105500000003;31.2859149258302
Uganda;UG;Abim;UG;2.80475035;33.7509770137339
Uganda;UG;Amolatar;UG;1.6374596000000001;32.6328229468063
Uganda;UG;Amuru;UG;3.1288655;32.1024832754124
Uganda;UG;Dokolo;UG;1.9100822499999999;33.0796334932789
Uganda;UG;Kaabong;UG;3.65820615;34.2111233999499
Uganda;UG;Koboko;UG;3.5351114;30.9848206689264
Uganda;UG;Maracha;UG;3.2478417;30.9279148227624
Uganda;UG;Oyam;UG;2.3489345;32.4233859868898
Uganda;UG;Agago;UG;2.9476598000000003;33.3861056894718
Uganda;UG;Alebtong;UG;2.26740645;33.3200225517687
Uganda;UG;Amudat;UG;1.8261957500000001;34.9312697915409
Uganda;UG;Kole;UG;2.29881575;32.735952223374
Uganda;UG;Lamwo;UG;3.5248125;32.6576273341867
Uganda;UG;Napak;UG;2.3981727;34.1718784732878
Uganda;UG;Nwoya;UG;2.5286101;31.8695132812541
Uganda;UG;Otuke;UG;2.4784334;33.3933563432903
Uganda;UG;Zombo;UG;2.5251163500000002;30.8897322565544
Uganda;UG;Omoro;UG;2.6443448;32.4975341797228
Uganda;UG;Pakwach;UG;2.4679272;31.3973914459016
Uganda;UG;Kwania;UG;1.90055305;32.7741986154051
Uganda;UG;Nabilatuk;UG;2.0383666;34.5847125497033
Uganda;UG;Karenga;UG;3.7095683;33.7716831883482
Uganda;UG;Madi-Okollo;UG;2.86745115;31.2383088420117
Uganda;UG;Obongi;UG;3.36355935;31.5368264141619
Uganda;UG;Bundibugyo;UG;0.6605936;30.0431007740151
Uganda;UG;Bushenyi;UG;-0.48181324999999997;30.1686851336293
Uganda;UG;Hoima;UG;1.56619265;31.1480967702165
Uganda;UG;Kabale;UG;-1.33596665;30.0368860037118
Uganda;UG;Kabarole;UG;0.62124925;30.3525446614534
Uganda;UG;Kasese;UG;0.1310412;30.0047968452563
Uganda;UG;Kibaale;UG;0.790833;31.063333
Uganda;UG;Kisoro;UG;-1.19896125;29.6716975265472
Uganda;UG;Masindi;UG;1.6917534;31.7737524363196
Uganda;UG;Mbarara;UG;-0.4180848;30.573737377548
Uganda;UG;Ntungamo;UG;-0.95509295;30.3023927716137
Uganda;UG;Rukungiri;UG;-0.697403;29.891736366875
Uganda;UG;Kamwenge;UG;0.3373317;30.6150555217288
Uganda;UG;Kanungu;UG;-0.7063914499999999;29.714290705686
Uganda;UG;Kyenjojo;UG;0.64409775;30.6565118043456
Uganda;UG;Buliisa;UG;1.92285635;31.3917565190673
Uganda;UG;Ibanda;UG;-0.06121825;30.4916159853753
Uganda;UG;Isingiro;UG;-0.83886945;30.9356558705638
Uganda;UG;Kiruhura;UG;-0.3250908;30.8734599335681
Uganda;UG;Buhweju;UG;-0.3203212;30.3162054315263
Uganda;UG;Kiryandongo;UG;1.99357995;32.0498179067731
Uganda;UG;Kyegegwa;UG;0.48221325;31.0002047560718
Uganda;UG;Mitooma;UG;-0.6059464;30.0077344980367
Uganda;UG;Ntoroko;UG;0.99157395;30.3849571770343
Uganda;UG;Rubirizi;UG;-0.25579135;29.9364999692726
Uganda;UG;Sheema;UG;-0.591872;30.3740416771995
Uganda;UG;Kagadi;UG;1.02297715;30.8330890654461
Uganda;UG;Kakumiro;UG;0.96249325;31.2903789301521
Uganda;UG;Rubanda;UG;-1.1732021000000001;29.9003379854323
Uganda;UG;Bunyangabu;UG;0.47841935;30.2027698891072
Uganda;UG;Rukiga;UG;-1.14548075;30.0524849638955
Uganda;UG;Kikuube;UG;1.3102875;31.000172376233
Uganda;UG;Kazo;UG;0.0256055;30.7776200460749
Uganda;UG;Kitagwenda;UG;0.01366535;30.3217907878771
Uganda;UG;Rwampara;UG;-0.73503085;30.4609130629431
Uganda;UG;Central;UG;0.3124315;32.5718092
Uganda;UG;Eastern;UG;1.1000022;34.1735900717553
Uganda;UG;Northern;UG;1.1036533;34.1728333
Uganda;UG;Western;UG;-0.3561521;31.550256
South Africa;ZA;Eastern Cape;ZA;-32.2171831;26.6386401
South Africa;ZA;Free State;ZA;-28.7853618;26.4978933
South Africa;ZA;Gauteng;ZA;-25.9363439;28.0813105
South Africa;ZA;Kwazulu-Natal;ZA;-28.503833;30.8875009
South Africa;ZA;Limpopo;ZA;-23.4735288;29.3959199
South Africa;ZA;Mpumalanga;ZA;-26.276849;30.1500153
South Africa;ZA;Northern Cape;ZA;-29.573402;21.2051361
South Africa;ZA;North-West;ZA;-26.1347819;25.6546729
South Africa;ZA;Western Cape;ZA;-33.546977;20.72753
Zambia;ZM;Western;ZM;-15.8543496;23.8016799
Zambia;ZM;Central;ZM;-14.183507;29.0375543
Zambia;ZM;Eastern;ZM;-13.6514737;31.9958539
Zambia;ZM;Luapula;ZM;-10.4680244;29.1275609
Zambia;ZM;Northern;ZM;-9.4514165;30.8881001
Zambia;ZM;North-Western;ZM;-13.0143658;25.4624692
Zambia;ZM;Southern;ZM;-16.5381715;26.7374997
Zambia;ZM;Copperbelt;ZM;-13.0214171;27.8876177
Zambia;ZM;Lusaka;ZM;-15.4163395;28.2818414
Zambia;ZM;Muchinga;ZM;-11.1005259;31.639964
Zimbabwe;ZW;Bulawayo;ZW;-20.1053948;28.5426856
Zimbabwe;ZW;Harare;ZW;-17.8567035;31.0601584
Zimbabwe;ZW;Manicaland;ZW;-19.0188422;32.368889
Zimbabwe;ZW;Mashonaland Central;ZW;-16.742872;31.2952086
Zimbabwe;ZW;Mashonaland East;ZW;-17.7927323;31.7678044
Zimbabwe;ZW;Midlands;ZW;-19.2785043;29.8790852
Zimbabwe;ZW;Matabeleland North;ZW;-18.9283715;27.4992231
Zimbabwe;ZW;Matabeleland South;ZW;-20.7364801;28.9396495
Zimbabwe;ZW;Masvingo;ZW;-20.7453957;31.334138
Zimbabwe;ZW;Mashonaland West;ZW;-17.1449001;29.8289885
